KC,Vytal options Fogelsville,18051,<a href="http://www.dutchie.com/dispensary/vytal-options-fogelsville/product/cresco-glazed-enigma-3-5g">Cresco | Glazed Enigma | 3.5g</a><br><a href="https://www.leafly.com/search?q=Cresco | Glazed Enigma | 3.5g">Leafly</a>,Sativa,Cresco ,Flower,$55.00,3.5g,22.79%,797.65mg,0.069/mg
KC,Vytal options Fogelsville,18051,<a href="http://www.dutchie.com/dispensary/vytal-options-fogelsville/product/glazed-enigma-small-flower-7g">Glazed Enigma Small  | 7g</a><br><a href="https://www.leafly.com/search?q=Glazed Enigma Small  | 7g">Leafly</a>,Sativa,Supply,Small Flower,$80.00,3.5g,21.83%,764.05mg,0.105/mg
KC,Vytal options Fogelsville,18051,<a href="http://www.dutchie.com/dispensary/vytal-options-fogelsville/product/good-green-jet-fuel-small-buds-7g">Good Green | Jet Fuel Small Buds | 7g</a><br><a href="https://www.leafly.com/search?q=Good Green | Jet Fuel Small Buds | 7g">Leafly</a>,Sativa,Good Green,Flower,$85.00,3.5g,23.46%,821.10mg,0.104/mg
KC,Vytal options Fogelsville,18051,<a href="http://www.dutchie.com/dispensary/vytal-options-fogelsville/product/mac-1-3-5g">MAC 1 | 3.5g</a><br><a href="https://www.leafly.com/search?q=MAC 1 | 3.5g">Leafly</a>,Sativa,INSA,Flower,$50.00,3.5g,24.83%,868.98mg,0.058/mg
KC,Vytal options Fogelsville,18051,<a href="http://www.dutchie.com/dispensary/vytal-options-fogelsville/product/phg-jack-herer-3-5g">PHG | Jack Herer | 3.5g</a><br><a href="https://www.leafly.com/search?q=PHG | Jack Herer | 3.5g">Leafly</a>,Sativa,Penn Health Group,Flower,$35.00,3.5g,24.77%,866.95mg,0.040/mg
KC,Vytal options Fogelsville,18051,<a href="http://www.dutchie.com/dispensary/vytal-options-fogelsville/product/african-thai-32-bx1-sour-pheno-3-5g">African Thai #32  Bx1 (Sour Pheno) | 3.5g</a><br><a href="https://www.leafly.com/search?q=African Thai #32  Bx1 (Sour Pheno) | 3.5g">Leafly</a>,Sativa,Prime Wellness,Flower,$55.00,3.5g,24.10%,843.50mg,0.065/mg
KC,Vytal options Fogelsville,18051,<a href="http://www.dutchie.com/dispensary/vytal-options-fogelsville/product/lemon-meringue-3-5g">Lemon Meringue  | 3.5g</a><br><a href="https://www.leafly.com/search?q=Lemon Meringue  | 3.5g">Leafly</a>,Sativa,Rythm,Flower,$50.00,3.5g,22.45%,785.58mg,0.064/mg
KC,Vytal options Fogelsville,18051,<a href="http://www.dutchie.com/dispensary/vytal-options-fogelsville/product/l-orange-3-5g">L'Orange | 3.5g</a><br><a href="https://www.leafly.com/search?q=L'Orange | 3.5g">Leafly</a>,Sativa,Rythm,Flower,$55.00,3.5g,24.36%,852.60mg,0.065/mg
KC,Vytal options Fogelsville,18051,<a href="http://www.dutchie.com/dispensary/vytal-options-fogelsville/product/lamb-s-breath-3-5g">Lamb's Breath | 3.5g</a><br><a href="https://www.leafly.com/search?q=Lamb's Breath | 3.5g">Leafly</a>,Sativa,Seven Hills Cannabis,Flower,$45.00,3.5g,24.20%,847.00mg,0.053/mg
KC,Vytal options Fogelsville,18051,<a href="http://www.dutchie.com/dispensary/vytal-options-fogelsville/product/cnb-3-5g">CNB  | 3.5g</a><br><a href="https://www.leafly.com/search?q=CNB  | 3.5g">Leafly</a>,Sativa,Terrapin,Flower,$37.00,3.5g,24.38%,853.30mg,0.043/mg
KC,Vytal options Fogelsville,18051,<a href="http://www.dutchie.com/dispensary/vytal-options-fogelsville/product/terrapin-cape-poison-3-5g">Terrapin | Cape Poison | 3.5g</a><br><a href="https://www.leafly.com/search?q=Terrapin | Cape Poison | 3.5g">Leafly</a>,Sativa,Terrapin,Flower,$37.00,3.5g,26.29%,920.15mg,0.040/mg
KC,Vytal options Fogelsville,18051,<a href="http://www.dutchie.com/dispensary/vytal-options-fogelsville/product/citrus-kiss-3-5g">Citrus Kiss | 3.5g</a><br><a href="https://www.leafly.com/search?q=Citrus Kiss | 3.5g">Leafly</a>,Sativa,Terrapin,Flower,$37.00,3.5g,21.45%,750.75mg,0.049/mg
KC,Vytal options Fogelsville,18051,<a href="http://www.dutchie.com/dispensary/vytal-options-fogelsville/product/terrapin-lemon-g-cbd-3-5g">Terrapin | Lemon G CBD | 3.5g</a><br><a href="https://www.leafly.com/search?q=Terrapin | Lemon G CBD | 3.5g">Leafly</a>,Sativa,Terrapin,Flower,$32.00,3.5g,13.10%,458.46mg,0.070/mg
KC,Vytal options Fogelsville,18051,<a href="http://www.dutchie.com/dispensary/vytal-options-fogelsville/product/terrapin-lemon-sweet-skunk-3-5g">Terrapin | Lemon Sweet Skunk | 3.5g</a><br><a href="https://www.leafly.com/search?q=Terrapin | Lemon Sweet Skunk | 3.5g">Leafly</a>,Sativa,Terrapin,Flower,$32.00,3.5g,22.31%,780.85mg,0.041/mg
KC,Vytal options Fogelsville,18051,<a href="http://www.dutchie.com/dispensary/vytal-options-fogelsville/product/moonshine-haze-3-5g">Moonshine Haze | 3.5g</a><br><a href="https://www.leafly.com/search?q=Moonshine Haze | 3.5g">Leafly</a>,Sativa,Terrapin,Flower,$32.00,3.5g,16.66%,583.10mg,0.055/mg
KC,Vytal options Fogelsville,18051,<a href="http://www.dutchie.com/dispensary/vytal-options-fogelsville/product/sour-tangie-3-5g">Sour Tangie | 3.5g</a><br><a href="https://www.leafly.com/search?q=Sour Tangie | 3.5g">Leafly</a>,Sativa,Terrapin,Flower,$32.00,3.5g,19.62%,686.70mg,0.047/mg
KC,Vytal options Fogelsville,18051,<a href="http://www.dutchie.com/dispensary/vytal-options-fogelsville/product/tangie-3-5g">Tangie | 3.5g</a><br><a href="https://www.leafly.com/search?q=Tangie | 3.5g">Leafly</a>,Sativa,Terrapin,Flower,$32.00,3.5g,14.63%,512.05mg,0.062/mg
KC,Vytal options Fogelsville,18051,<a href="http://www.dutchie.com/dispensary/vytal-options-fogelsville/product/crc-3-5g">CRC | 3.5g</a><br><a href="https://www.leafly.com/search?q=CRC | 3.5g">Leafly</a>,Sativa,The Woods Reserve,Flower,$45.00,3.5g,25.45%,890.75mg,0.051/mg
KC,Vytal options Fogelsville,18051,<a href="http://www.dutchie.com/dispensary/vytal-options-fogelsville/product/lilac-diesel-3-5g">Lilac Diesel | 3.5g</a><br><a href="https://www.leafly.com/search?q=Lilac Diesel | 3.5g">Leafly</a>,Sativa,The Woods Reserve,Flower,$45.00,3.5g,22.80%,797.83mg,0.056/mg
KC,Vytal options Fogelsville,18051,<a href="http://www.dutchie.com/dispensary/vytal-options-fogelsville/product/sour-marg-3-5g">Sour Marg | 3.5g</a><br><a href="https://www.leafly.com/search?q=Sour Marg | 3.5g">Leafly</a>,Sativa,The Woods Reserve,Flower,$45.00,3.5g,27.33%,956.55mg,0.047/mg
KC,Vytal options Fogelsville,18051,<a href="http://www.dutchie.com/dispensary/vytal-options-fogelsville/product/thai-99-3-5g">Thai 99 | 3.5g</a><br><a href="https://www.leafly.com/search?q=Thai 99 | 3.5g">Leafly</a>,Sativa,The Woods Reserve,Flower,$45.00,3.5g,21.12%,739.20mg,0.061/mg
KC,Vytal options Fogelsville,18051,<a href="http://www.dutchie.com/dispensary/vytal-options-fogelsville/product/tyson-dynamite-cookies-3-5g">Tyson | Dynamite Cookies | 3.5g</a><br><a href="https://www.leafly.com/search?q=Tyson | Dynamite Cookies | 3.5g">Leafly</a>,Sativa,Tyson 2.0,Flower,$58.00,3.5g,28.27%,989.45mg,0.059/mg
KC,Vytal options Fogelsville,18051,<a href="http://www.dutchie.com/dispensary/vytal-options-fogelsville/product/chem-pie-og-3-5g">Chem Pie OG | 3.5g</a><br><a href="https://www.leafly.com/search?q=Chem Pie OG | 3.5g">Leafly</a>,Sativa,gLeaf,Flower,$50.00,3.5g,30.92%,1082.20mg,0.046/mg
KC,Vytal options Fogelsville,18051,<a href="http://www.dutchie.com/dispensary/vytal-options-fogelsville/product/r-o-blue-dream-3-5g">R.O. | Blue Dream | 3.5g</a><br><a href="https://www.leafly.com/search?q=R.O. | Blue Dream | 3.5g">Leafly</a>,Sativa,R.O.,Flower,$35.00,3.5g,18.62%,651.70mg,0.054/mg
KC,Vytal options Fogelsville,18051,<a href="http://www.dutchie.com/dispensary/vytal-options-fogelsville/product/uk-cheese-3-5g">UK Cheese | 3.5g</a><br><a href="https://www.leafly.com/search?q=UK Cheese | 3.5g">Leafly</a>,Sativa,FarmaceuticalRX,Flower,$30.00,3.5g,18.74%,655.90mg,0.046/mg
KC,Vytal options Fogelsville,18051,<a href="http://www.dutchie.com/dispensary/vytal-options-fogelsville/product/dynamite-diesel-3-5g">Dynamite Diesel | 3.5g</a><br><a href="https://www.leafly.com/search?q=Dynamite Diesel | 3.5g">Leafly</a>,Sativa,Kind Tree,Flower,$48.00,3.5g,21.54%,753.90mg,0.064/mg
KC,Vytal options Fogelsville,18051,<a href="http://www.dutchie.com/dispensary/vytal-options-fogelsville/product/lemon-meringue-small-buds-7g">Lemon Meringue Small Buds | 7g</a><br><a href="https://www.leafly.com/search?q=Lemon Meringue Small Buds | 7g">Leafly</a>,Sativa,Good Green,Flower,$80.00,3.5g,22.29%,780.15mg,0.103/mg
KC,Vytal options Fogelsville,18051,<a href="http://www.dutchie.com/dispensary/vytal-options-fogelsville/product/frozen-boss-3-5g">Frozen Boss | 3.5g</a><br><a href="https://www.leafly.com/search?q=Frozen Boss | 3.5g">Leafly</a>,Sativa,Terrapin,Flower,$37.00,3.5g,22.90%,801.50mg,0.046/mg
KC,Vytal options Fogelsville,18051,<a href="http://www.dutchie.com/dispensary/vytal-options-fogelsville/product/standard-farms-hella-jelly-1g">Standard Farms | Hella Jelly | 1g</a><br><a href="https://www.leafly.com/search?q=Standard Farms | Hella Jelly | 1g">Leafly</a>,Sativa,Standard Farms,Flower,$17.00,3.5g,23.27%,814.45mg,0.021/mg
KC,Vytal options Fogelsville,18051,<a href="http://www.dutchie.com/dispensary/vytal-options-fogelsville/product/trainwreck-3-5g">Trainwreck | 3.5g</a><br><a href="https://www.leafly.com/search?q=Trainwreck | 3.5g">Leafly</a>,Sativa,Organic Remedies ,Flower,$45.00,3.5g,24.00%,840.00mg,0.054/mg
KC,Vytal options Fogelsville,18051,<a href="http://www.dutchie.com/dispensary/vytal-options-fogelsville/product/jimi-s-punch-small-flower-7g">Jimi's Punch Small  | 7g</a><br><a href="https://www.leafly.com/search?q=Jimi's Punch Small  | 7g">Leafly</a>,Sativa,Supply,Small Flower,$80.00,3.5g,24.13%,844.55mg,0.095/mg
KC,Vytal options Fogelsville,18051,<a href="http://www.dutchie.com/dispensary/vytal-options-fogelsville/product/supply-cold-as-ice-small-flower-7g">Supply | Cold As Ice Small  | 7g</a><br><a href="https://www.leafly.com/search?q=Supply | Cold As Ice Small  | 7g">Leafly</a>,Sativa,Supply,Small Flower,$80.00,3.5g,24.42%,854.70mg,0.094/mg
KC,Vytal options Fogelsville,18051,<a href="http://www.dutchie.com/dispensary/vytal-options-fogelsville/product/good-green-durban-5-small-flower-7g">Good Green | Durban #5 Small  | 7g</a><br><a href="https://www.leafly.com/search?q=Good Green | Durban #5 Small  | 7g">Leafly</a>,Sativa,Good Green,Small Flower,$85.00,3.5g,24.47%,856.45mg,0.099/mg
KC,Vytal options Fogelsville,18051,<a href="http://www.dutchie.com/dispensary/vytal-options-fogelsville/product/cresco-jimi-s-punch-3-5g">Cresco | Jimi's Punch | 3.5g</a><br><a href="https://www.leafly.com/search?q=Cresco | Jimi's Punch | 3.5g">Leafly</a>,Sativa,Cresco ,Flower,$55.00,3.5g,25.24%,883.40mg,0.062/mg
KC,Vytal options Fogelsville,18051,<a href="http://www.dutchie.com/dispensary/vytal-options-fogelsville/product/white-durban-small-buds-7g">White Durban Small Buds | 7g</a><br><a href="https://www.leafly.com/search?q=White Durban Small Buds | 7g">Leafly</a>,Sativa,Good Green,Flower,$85.00,3.5g,25.37%,887.95mg,0.096/mg
KC,Vytal options Fogelsville,18051,<a href="http://www.dutchie.com/dispensary/vytal-options-fogelsville/product/supply-chemex-small-flower-7g">Supply | Chemex Small  | 7g</a><br><a href="https://www.leafly.com/search?q=Supply | Chemex Small  | 7g">Leafly</a>,Sativa,Supply,Small Flower,$80.00,3.5g,26.40%,924.00mg,0.087/mg
KC,Vytal options Fogelsville,18051,<a href="http://www.dutchie.com/dispensary/vytal-options-fogelsville/product/maitri-seven-stars-3-5g">Maitri | Seven Stars | 3.5g</a><br><a href="https://www.leafly.com/search?q=Maitri | Seven Stars | 3.5g">Leafly</a>,Sativa,Maitri,Flower,$55.00,3.5g,27.01%,945.35mg,0.058/mg
KC,Vytal options Fogelsville,18051,<a href="http://www.dutchie.com/dispensary/vytal-options-fogelsville/product/mac-daddy-small-flower-7g">Mac Daddy Small  | 7g</a><br><a href="https://www.leafly.com/search?q=Mac Daddy Small  | 7g">Leafly</a>,Sativa,Supply,Small Flower,$80.00,3.5g,27.69%,969.15mg,0.083/mg
KC,Vytal options Fogelsville,18051,<a href="http://www.dutchie.com/dispensary/vytal-options-fogelsville/product/cresco-mac-daddy-3-5g">Cresco | Mac Daddy | 3.5g</a><br><a href="https://www.leafly.com/search?q=Cresco | Mac Daddy | 3.5g">Leafly</a>,Sativa,Cresco ,Flower,$55.00,3.5g,27.98%,979.30mg,0.056/mg
KC,Vytal options Fogelsville,18051,<a href="http://www.dutchie.com/dispensary/vytal-options-fogelsville/product/african-thai-bx1-4-lemon-peel-pheno-3-5g">African Thai BX1 #4 (Lemon Peel Pheno) | 3.5g</a><br><a href="https://www.leafly.com/search?q=African Thai BX1 #4 (Lemon Peel Pheno) | 3.5g">Leafly</a>,Sativa,Prime Wellness,Flower,$65.00,3.5g,28.00%,980.00mg,0.066/mg
KC,Vytal options Fogelsville,18051,<a href="http://www.dutchie.com/dispensary/vytal-options-fogelsville/product/cresco-chemex-3-5g">Cresco | Chemex | 3.5g</a><br><a href="https://www.leafly.com/search?q=Cresco | Chemex | 3.5g">Leafly</a>,Sativa,Cresco ,Flower,$55.00,3.5g,28.02%,980.70mg,0.056/mg
KC,Vytal options Fogelsville,18051,<a href="http://www.dutchie.com/dispensary/vytal-options-fogelsville/product/stardawg-7g">Stardawg | 7g</a><br><a href="https://www.leafly.com/search?q=Stardawg | 7g">Leafly</a>,Sativa,Organic Remedies ,Flower,$80.00,3.5g,28.35%,992.25mg,0.081/mg
KC,Harvest of Cranberry,16319,<a href="http://www.dutchie.com/dispensary/harvest-of-cranberry/product/moxie-garlic-grove-flower-3-5g">Moxie | Garlic Grove  | 3.5g</a><br><a href="https://www.leafly.com/search?q=Moxie | Garlic Grove  | 3.5g">Leafly</a>,Indica,Moxie,Flower,$55.00,3.5g,19.79%,692.65mg,0.079/mg
KC,Harvest of Cranberry,16319,<a href="http://www.dutchie.com/dispensary/harvest-of-cranberry/product/moxie-gelato-2-0-mini-flower-3-5g">Moxie | Gelato 2.0 Mini  | 3.5g</a><br><a href="https://www.leafly.com/search?q=Moxie | Gelato 2.0 Mini  | 3.5g">Leafly</a>,Indica,Moxie,Flower,$45.00,3.5g,21.89%,766.15mg,0.059/mg
KC,Harvest of Cranberry,16319,<a href="http://www.dutchie.com/dispensary/harvest-of-cranberry/product/moxie-kryptonite-flower-3-5g">Moxie | Kryptonite  | 3.5g</a><br><a href="https://www.leafly.com/search?q=Moxie | Kryptonite  | 3.5g">Leafly</a>,Indica,Moxie,Flower,$55.00,3.5g,21.96%,768.60mg,0.072/mg
KC,Harvest of Cranberry,16319,<a href="http://www.dutchie.com/dispensary/harvest-of-cranberry/product/moxie-skunkgani-flower-3-5g">Moxie | Skunkgani  | 3.5g</a><br><a href="https://www.leafly.com/search?q=Moxie | Skunkgani  | 3.5g">Leafly</a>,Indica,Moxie,Flower,$55.00,3.5g,17.24%,603.40mg,0.091/mg
KC,Harvest of Cranberry,16319,<a href="http://www.dutchie.com/dispensary/harvest-of-cranberry/product/moxie-gelato-2-0-flower-3-5g">Moxie | Gelato 2.0  | 3.5g</a><br><a href="https://www.leafly.com/search?q=Moxie | Gelato 2.0  | 3.5g">Leafly</a>,Indica,Moxie,Flower,$55.00,3.5g,24.83%,869.05mg,0.063/mg
KC,Harvest of Cranberry,16319,<a href="http://www.dutchie.com/dispensary/harvest-of-cranberry/product/moxie-viper-city-og-mini-flower-3-5g">Moxie | Viper City OG Mini  | 3.5g</a><br><a href="https://www.leafly.com/search?q=Moxie | Viper City OG Mini  | 3.5g">Leafly</a>,Indica,Moxie,Flower,$45.00,3.5g,27.82%,973.70mg,0.046/mg
KC,Harvest of Cranberry,16319,<a href="http://www.dutchie.com/dispensary/harvest-of-cranberry/product/avenue-banana-punch-flower-3-5g">Avenue | Banana Punch  | 3.5g</a><br><a href="https://www.leafly.com/search?q=Avenue | Banana Punch  | 3.5g">Leafly</a>,Indica,Avenue,Flower,$55.00,3.5g,23.13%,809.55mg,0.068/mg
KC,Harvest of Cranberry,16319,<a href="http://www.dutchie.com/dispensary/harvest-of-cranberry/product/modern-flower-cheese-wiz-flower-3-5g">Modern  | Cheese Wiz  | 3.5g</a><br><a href="https://www.leafly.com/search?q=Modern  | Cheese Wiz  | 3.5g">Leafly</a>,Indica,Modern Flower,Flower,$45.00,3.5g,25.67%,898.45mg,0.050/mg
KC,Harvest of Cranberry,16319,<a href="http://www.dutchie.com/dispensary/harvest-of-cranberry/product/modern-flower-dosidos-flower-3-5g">Modern  | Dosidos  | 3.5g</a><br><a href="https://www.leafly.com/search?q=Modern  | Dosidos  | 3.5g">Leafly</a>,Indica,Modern Flower,Flower,$45.00,3.5g,20.15%,705.25mg,0.064/mg
KC,Harvest of Cranberry,16319,<a href="http://www.dutchie.com/dispensary/harvest-of-cranberry/product/modern-flower-cheese-wiz-flower-1g-56331">Modern  | Cheese Wiz  | 1g</a><br><a href="https://www.leafly.com/search?q=Modern  | Cheese Wiz  | 1g">Leafly</a>,Indica,Modern Flower,Flower,$15.00,3.5g,26.50%,927.50mg,0.016/mg
KC,Harvest of Cranberry,16319,<a href="http://www.dutchie.com/dispensary/harvest-of-cranberry/product/modern-flower-cheese-wiz-small-flower-7g">Modern  | Cheese Wiz Small  | 7g</a><br><a href="https://www.leafly.com/search?q=Modern  | Cheese Wiz Small  | 7g">Leafly</a>,Indica,Modern Flower,Small Flower,$80.00,3.5g,28.49%,997.15mg,0.080/mg
KC,Harvest of Cranberry,16319,<a href="http://www.dutchie.com/dispensary/harvest-of-cranberry/product/trulieve-alpine-og-truflower-3-5g-83880">Trulieve | Alpine OG Tru | 3.5g</a><br><a href="https://www.leafly.com/search?q=Trulieve | Alpine OG Tru | 3.5g">Leafly</a>,Indica,Trulieve,Flower,$43.00,3.5g,22.74%,795.90mg,0.054/mg
KC,Harvest of Cranberry,16319,<a href="http://www.dutchie.com/dispensary/harvest-of-cranberry/product/trulieve-super-skunk-2-0-truflower-3-5g">Trulieve | Super Skunk 2.0 Tru | 3.5g</a><br><a href="https://www.leafly.com/search?q=Trulieve | Super Skunk 2.0 Tru | 3.5g">Leafly</a>,Indica,Trulieve,Flower,$43.00,3.5g,20.47%,716.45mg,0.060/mg
KC,Harvest of Cranberry,16319,<a href="http://www.dutchie.com/dispensary/harvest-of-cranberry/product/trulieve-unknown-legend-truflower-3-5g-6529">Trulieve | Unknown Legend Tru | 3.5g</a><br><a href="https://www.leafly.com/search?q=Trulieve | Unknown Legend Tru | 3.5g">Leafly</a>,Indica,Trulieve,Flower,$43.00,3.5g,22.62%,791.70mg,0.054/mg
KC,Harvest of Cranberry,16319,<a href="http://www.dutchie.com/dispensary/harvest-of-cranberry/product/r-o-blazing-conductor-flower-3-5g">R.O. | Blazing Conductor  | 3.5g</a><br><a href="https://www.leafly.com/search?q=R.O. | Blazing Conductor  | 3.5g">Leafly</a>,Indica,R.O.,Flower,$35.00,3.5g,17.52%,613.20mg,0.057/mg
KC,Harvest of Cranberry,16319,<a href="http://www.dutchie.com/dispensary/harvest-of-cranberry/product/r-o-blueberry-runtz-flower-3-5g">R.O. | Blueberry Runtz  | 3.5g</a><br><a href="https://www.leafly.com/search?q=R.O. | Blueberry Runtz  | 3.5g">Leafly</a>,Indica,R.O.,Flower,$35.00,3.5g,17.24%,603.40mg,0.058/mg
KC,Harvest of Cranberry,16319,<a href="http://www.dutchie.com/dispensary/harvest-of-cranberry/product/r-o-pre-98-bubba-mini-flower-3-5g">R.O. | Pre 98 Bubba Mini  | 3.5g</a><br><a href="https://www.leafly.com/search?q=R.O. | Pre 98 Bubba Mini  | 3.5g">Leafly</a>,Indica,R.O.,Flower,$30.00,3.5g,14.15%,495.25mg,0.061/mg
KC,Harvest of Cranberry,16319,<a href="http://www.dutchie.com/dispensary/harvest-of-cranberry/product/r-o-purple-banana-ground-flower-7g">R.O. | Purple Banana Ground  | 7g</a><br><a href="https://www.leafly.com/search?q=R.O. | Purple Banana Ground  | 7g">Leafly</a>,Indica,R.O.,Ground Flower,$30.00,3.5g,19.48%,681.80mg,0.044/mg
KC,Harvest of Cranberry,16319,<a href="http://www.dutchie.com/dispensary/harvest-of-cranberry/product/r-o-smokey-penns-flower-3-5g">R.O. | Smokey Penns  | 3.5g</a><br><a href="https://www.leafly.com/search?q=R.O. | Smokey Penns  | 3.5g">Leafly</a>,Indica,R.O.,Flower,$35.00,3.5g,16.15%,565.25mg,0.062/mg
KC,Harvest of Cranberry,16319,<a href="http://www.dutchie.com/dispensary/harvest-of-cranberry/product/r-o-smokey-penns-mini-flower-3-5g">R.O. | Smokey Penns Mini  | 3.5g</a><br><a href="https://www.leafly.com/search?q=R.O. | Smokey Penns Mini  | 3.5g">Leafly</a>,Indica,R.O.,Flower,$30.00,3.5g,16.15%,565.25mg,0.053/mg
KC,Harvest of Cranberry,16319,<a href="http://www.dutchie.com/dispensary/harvest-of-cranberry/product/r-o-the-lotto-ground-flower-7g">R.O. | The Lotto Ground  | 7g</a><br><a href="https://www.leafly.com/search?q=R.O. | The Lotto Ground  | 7g">Leafly</a>,Indica,R.O.,Ground Flower,$30.00,3.5g,18.58%,650.30mg,0.046/mg
KC,Harvest of Cranberry,16319,<a href="http://www.dutchie.com/dispensary/harvest-of-cranberry/product/r-o-meyer-lemons-mini-flower-3-5g">R.O. | Meyer Lemons Mini  | 3.5g</a><br><a href="https://www.leafly.com/search?q=R.O. | Meyer Lemons Mini  | 3.5g">Leafly</a>,Indica,R.O.,Flower,$30.00,3.5g,21.23%,743.05mg,0.040/mg
KC,Harvest of Cranberry,16319,<a href="http://www.dutchie.com/dispensary/harvest-of-cranberry/product/r-o-sorbetto-mini-flower-3-5g">R.O. | Sorbetto Mini  | 3.5g</a><br><a href="https://www.leafly.com/search?q=R.O. | Sorbetto Mini  | 3.5g">Leafly</a>,Indica,R.O.,Flower,$30.00,3.5g,17.70%,619.50mg,0.048/mg
KC,Harvest of Cranberry,16319,<a href="http://www.dutchie.com/dispensary/harvest-of-cranberry/product/r-o-sprinkles-mini-flower-3-5g">R.O. | Sprinkles Mini  | 3.5g</a><br><a href="https://www.leafly.com/search?q=R.O. | Sprinkles Mini  | 3.5g">Leafly</a>,Indica,R.O.,Flower,$30.00,3.5g,14.59%,510.65mg,0.059/mg
KC,Harvest of Cranberry,16319,<a href="http://www.dutchie.com/dispensary/harvest-of-cranberry/product/cresco-lime-bars-flower-3-5g">Cresco | Lime Bars  | 3.5g</a><br><a href="https://www.leafly.com/search?q=Cresco | Lime Bars  | 3.5g">Leafly</a>,Indica,Cresco ,Flower,$50.00,3.5g,22.79%,797.65mg,0.063/mg
KC,Harvest of Cranberry,16319,<a href="http://www.dutchie.com/dispensary/harvest-of-cranberry/product/cresco-petrol-pine-flower-3-5g">Cresco | Petrol Pine  | 3.5g</a><br><a href="https://www.leafly.com/search?q=Cresco | Petrol Pine  | 3.5g">Leafly</a>,Indica,Cresco ,Flower,$50.00,3.5g,24.67%,863.45mg,0.058/mg
KC,Harvest of Cranberry,16319,<a href="http://www.dutchie.com/dispensary/harvest-of-cranberry/product/cresco-tina-flower-3-5g">Cresco | Tina  | 3.5g</a><br><a href="https://www.leafly.com/search?q=Cresco | Tina  | 3.5g">Leafly</a>,Indica,Cresco ,Flower,$50.00,3.5g,24.04%,841.40mg,0.059/mg
KC,Harvest of Cranberry,16319,<a href="http://www.dutchie.com/dispensary/harvest-of-cranberry/product/cresco-bio-jesus-flower-3-5g-9437">Cresco | Bio Jesus  | 3.5g</a><br><a href="https://www.leafly.com/search?q=Cresco | Bio Jesus  | 3.5g">Leafly</a>,Indica,Cresco ,Flower,$50.00,3.5g,27.12%,949.20mg,0.053/mg
KC,Harvest of Cranberry,16319,<a href="http://www.dutchie.com/dispensary/harvest-of-cranberry/product/cresco-hot-stuff-flower-3-5g">Cresco | Hot Stuff  | 3.5g</a><br><a href="https://www.leafly.com/search?q=Cresco | Hot Stuff  | 3.5g">Leafly</a>,Indica,Cresco ,Flower,$50.00,3.5g,25.95%,908.25mg,0.055/mg
KC,Harvest of Cranberry,16319,<a href="http://www.dutchie.com/dispensary/harvest-of-cranberry/product/supply-mint-face-off-ground-flower-7g">Supply | Mint Face Off Ground  | 7g</a><br><a href="https://www.leafly.com/search?q=Supply | Mint Face Off Ground  | 7g">Leafly</a>,Indica,Supply,Ground Flower,$40.00,3.5g,16.25%,568.75mg,0.070/mg
KC,Harvest of Cranberry,16319,<a href="http://www.dutchie.com/dispensary/harvest-of-cranberry/product/supply-mint-face-off-small-flower-7g">Supply | Mint Face Off Small  | 7g</a><br><a href="https://www.leafly.com/search?q=Supply | Mint Face Off Small  | 7g">Leafly</a>,Indica,Supply,Small Flower,$80.00,3.5g,24.33%,851.55mg,0.094/mg
KC,Harvest of Cranberry,16319,<a href="http://www.dutchie.com/dispensary/harvest-of-cranberry/product/supply-tina-small-flower-7g">Supply | Tina Small  | 7g</a><br><a href="https://www.leafly.com/search?q=Supply | Tina Small  | 7g">Leafly</a>,Indica,Supply,Small Flower,$80.00,3.5g,23.52%,823.20mg,0.097/mg
KC,Harvest of Cranberry,16319,<a href="http://www.dutchie.com/dispensary/harvest-of-cranberry/product/rythm-la-kush-cake-2-flower-3-5g">Rythm | LA Kush Cake #2  | 3.5g</a><br><a href="https://www.leafly.com/search?q=Rythm | LA Kush Cake #2  | 3.5g">Leafly</a>,Indica,Rythm,Flower,$55.00,3.5g,28.15%,985.25mg,0.056/mg
KC,Harvest of Cranberry,16319,<a href="http://www.dutchie.com/dispensary/harvest-of-cranberry/product/rythm-animal-face-flower-3-5g-75546">Rythm | Animal Face  | 3.5g</a><br><a href="https://www.leafly.com/search?q=Rythm | Animal Face  | 3.5g">Leafly</a>,Indica,Rythm,Flower,$55.00,3.5g,27.97%,978.95mg,0.056/mg
KC,Harvest of Cranberry,16319,<a href="http://www.dutchie.com/dispensary/harvest-of-cranberry/product/good-green-animal-mints-10-small-flower-7g">Good Green | Animal Mints #10 Small  | 7g</a><br><a href="https://www.leafly.com/search?q=Good Green | Animal Mints #10 Small  | 7g">Leafly</a>,Indica,Good Green,Small Flower,$85.00,3.5g,21.21%,742.35mg,0.115/mg
KC,Harvest of Cranberry,16319,<a href="http://www.dutchie.com/dispensary/harvest-of-cranberry/product/good-green-ice-cream-cake-small-flower-7g">Good Green | Ice Cream Cake Small  | 7g</a><br><a href="https://www.leafly.com/search?q=Good Green | Ice Cream Cake Small  | 7g">Leafly</a>,Indica,Good Green,Small Flower,$85.00,3.5g,21.17%,740.95mg,0.115/mg
KC,Harvest of Cranberry,16319,<a href="http://www.dutchie.com/dispensary/harvest-of-cranberry/product/strane-white-mac-flower-3-5g">Strane | White MAC  | 3.5g</a><br><a href="https://www.leafly.com/search?q=Strane | White MAC  | 3.5g">Leafly</a>,Indica,Strane,Flower,$40.00,3.5g,31.80%,1113.00mg,0.036/mg
KC,Harvest of Cranberry,16319,<a href="http://www.dutchie.com/dispensary/harvest-of-cranberry/product/shine-animal-mints-10-ground-flower-7g">&Shine | Animal Mints #10 Ground  | 7g</a><br><a href="https://www.leafly.com/search?q=&Shine | Animal Mints #10 Ground  | 7g">Leafly</a>,Indica,&Shine,Ground Flower,$50.00,3.5g,18.81%,658.35mg,0.076/mg
KC,Harvest of Cranberry,16319,<a href="http://www.dutchie.com/dispensary/harvest-of-cranberry/product/shine-ice-cream-cake-ground-flower-7g">&Shine | Ice Cream Cake Ground  | 7g</a><br><a href="https://www.leafly.com/search?q=&Shine | Ice Cream Cake Ground  | 7g">Leafly</a>,Indica,&Shine,Ground Flower,$50.00,3.5g,23.23%,813.05mg,0.061/mg
KC,Harvest of Cranberry,16319,<a href="http://www.dutchie.com/dispensary/harvest-of-cranberry/product/verano-motor-breath-flower-3-5g">Verano | Motor Breath  | 3.5g</a><br><a href="https://www.leafly.com/search?q=Verano | Motor Breath  | 3.5g">Leafly</a>,Indica,Verano,Flower,$50.00,3.5g,29.27%,1024.45mg,0.049/mg
KC,Harvest of Cranberry,16319,<a href="http://www.dutchie.com/dispensary/harvest-of-cranberry/product/maitri-apple-sundae-small-flower-7g">Maitri | Apple Sundae Small  | 7g</a><br><a href="https://www.leafly.com/search?q=Maitri | Apple Sundae Small  | 7g">Leafly</a>,Indica,Maitri,Small Flower,$70.00,3.5g,18.33%,641.55mg,0.109/mg
KC,Harvest of Cranberry,16319,<a href="http://www.dutchie.com/dispensary/harvest-of-cranberry/product/strane-cake-n-chem-small-flower-7g">Strane | Cake N Chem Small  | 7g</a><br><a href="https://www.leafly.com/search?q=Strane | Cake N Chem Small  | 7g">Leafly</a>,Indica,Strane,Small Flower,$70.00,3.5g,16.69%,584.15mg,0.120/mg
KC,Harvest of Cranberry,16319,<a href="http://www.dutchie.com/dispensary/harvest-of-cranberry/product/organic-remedies-marshmellow-og-flower-3-5g">Organic Remedies | Marshmellow OG  | 3.5g</a><br><a href="https://www.leafly.com/search?q=Organic Remedies | Marshmellow OG  | 3.5g">Leafly</a>,Indica,Organic Remedies ,Flower,$45.00,3.5g,24.43%,855.05mg,0.053/mg
KC,Harvest of Cranberry,16319,<a href="http://www.dutchie.com/dispensary/harvest-of-cranberry/product/organic-remedies-marshmellow-og-flower-7g">Organic Remedies | Marshmellow OG  | 7g</a><br><a href="https://www.leafly.com/search?q=Organic Remedies | Marshmellow OG  | 7g">Leafly</a>,Indica,Organic Remedies ,Flower,$80.00,3.5g,23.37%,817.95mg,0.098/mg
KC,Harvest of Cranberry,16319,<a href="http://www.dutchie.com/dispensary/harvest-of-cranberry/product/terrapin-jawa-cake-jwc-flower-3-5g">Terrapin | Jawa Cake (JWC)  | 3.5g</a><br><a href="https://www.leafly.com/search?q=Terrapin | Jawa Cake (JWC)  | 3.5g">Leafly</a>,Indica,Terrapin,Flower,$37.00,3.5g,23.49%,822.15mg,0.045/mg
KC,Harvest of Cranberry,16319,<a href="http://www.dutchie.com/dispensary/harvest-of-cranberry/product/terrapin-ice-cream-cake-icc-flower-3-5g-43979">Terrapin | Ice Cream Cake (ICC)  | 3.5g</a><br><a href="https://www.leafly.com/search?q=Terrapin | Ice Cream Cake (ICC)  | 3.5g">Leafly</a>,Indica,Terrapin,Flower,$37.00,3.5g,28.07%,982.45mg,0.038/mg
KC,Harvest of Cranberry,16319,<a href="http://www.dutchie.com/dispensary/harvest-of-cranberry/product/strane-garlic-butter-value-flower-3-5g">Strane | Garlic Butter Value  | 3.5g</a><br><a href="https://www.leafly.com/search?q=Strane | Garlic Butter Value  | 3.5g">Leafly</a>,Indica,Strane,Flower,$35.00,3.5g,25.16%,880.60mg,0.040/mg
KC,Harvest of Cranberry,16319,<a href="http://www.dutchie.com/dispensary/harvest-of-cranberry/product/strane-golden-pineapple-flower-3-5g-47323">Strane | Golden Pineapple  | 3.5g</a><br><a href="https://www.leafly.com/search?q=Strane | Golden Pineapple  | 3.5g">Leafly</a>,Indica,Strane,Flower,$40.00,3.5g,25.35%,887.25mg,0.045/mg
KC,Harvest of Cranberry,16319,<a href="http://www.dutchie.com/dispensary/harvest-of-cranberry/product/strane-biscotti-gelato-flower-3-5g">Strane | Biscotti Gelato  | 3.5g</a><br><a href="https://www.leafly.com/search?q=Strane | Biscotti Gelato  | 3.5g">Leafly</a>,Indica,Strane,Flower,$40.00,3.5g,26.08%,912.80mg,0.044/mg
