Sunnyside - New Kensington,18833,Citrus Daydream ,Sativa,CRESCO,Flower,$30.00,3.5g,24.79%,867.65mg,0.035/mg
Sunnyside - New Kensington,18833,Cold as Ice ,Sativa,CRESCO,Flower,$45.01,3.5g,27.46%,961.10mg,0.047/mg
Sunnyside - New Kensington,18833,Funky Pine ,Sativa,CRESCO,Flower,$45.01,3.5g,26.58%,930.30mg,0.048/mg
Sunnyside - New Kensington,18833,Glazed Enigma ,Sativa,CRESCO,Flower,$30.00,3.5g,20.50%,717.50mg,0.042/mg
Sunnyside - New Kensington,18833,Jimi's Punch ,Sativa,CRESCO,Flower,$45.01,3.5g,24.99%,874.65mg,0.051/mg
Sunnyside - New Kensington,18833,MacDaddy ,Sativa,CRESCO,Flower,$45.01,3.5g,27.90%,976.50mg,0.046/mg
Sunnyside - New Kensington,18833,Oregon Silver Haze ,Sativa,CRESCO,Flower,$45.01,3.5g,21.67%,758.45mg,0.059/mg
Sunnyside - New Kensington,18833,Outer Space ,Sativa,CRESCO,Flower,$45.01,3.5g,22.12%,774.20mg,0.058/mg
Sunnyside - New Kensington,18833,Spiked Mai Tai ,Sativa,CRESCO,Flower,$45.01,3.5g,26.51%,927.85mg,0.049/mg
Sunnyside - New Kensington,18833,Chemex  ,Sativa,SUPPLY,Small,$64.01,7.0g,27.28%,1909.60mg,0.034/mg
Sunnyside - New Kensington,18833,Citrus Daydream  ,Sativa,SUPPLY,Ground Flower,$31.98,7.0g,14.55%,1018.50mg,0.031/mg
Sunnyside - New Kensington,18833,Citrus Daydream  ,Sativa,SUPPLY,Small,$64.01,7.0g,25.49%,1784.30mg,0.036/mg
Sunnyside - New Kensington,18833,Cold as Ice  ,Sativa,SUPPLY,Ground Flower,$31.98,7.0g,14.70%,1029.00mg,0.031/mg
Sunnyside - New Kensington,18833,Cold as Ice  ,Sativa,SUPPLY,Small,$64.01,7.0g,24.78%,1734.60mg,0.037/mg
Sunnyside - New Kensington,18833,Durban  ,Sativa,SUPPLY,Small,$64.01,7.0g,19.37%,1355.90mg,0.047/mg
Sunnyside - New Kensington,18833,Funky Pine  ,Sativa,SUPPLY,Small,$64.01,7.0g,31.02%,2171.40mg,0.029/mg
Sunnyside - New Kensington,18833,Glazed Enigma  ,Sativa,SUPPLY,Ground Flower,$31.98,7.0g,13.07%,914.90mg,0.035/mg
Sunnyside - New Kensington,18833,Oregon Silver Haze  ,Sativa,SUPPLY,Small,$64.01,7.0g,23.91%,1673.70mg,0.038/mg
Sunnyside - New Kensington,18833,Spiked Mai Tai  ,Sativa,SUPPLY,Small,$64.01,7.0g,23.13%,1619.10mg,0.040/mg
Sunnyside - New Kensington,18833,Sweet Cheese ,Sativa,AGRI-KIND,Flower,$45.01,3.5g,22.94%,802.90mg,0.056/mg
Sunnyside - New Kensington,18833,Peach Hashplant ,Sativa,FRX,Flower,$54.98,3.5g,21.56%,754.60mg,0.073/mg
Sunnyside - New Kensington,18833,Sage ,Sativa,FRX,Flower,$30.00,3.5g,17.61%,616.35mg,0.049/mg
Sunnyside - New Kensington,18833,Sour Joker ,Sativa,FRX,Flower,$30.00,3.5g,19.76%,691.60mg,0.043/mg
Sunnyside - New Kensington,18833,Durban #5  ,Sativa,GOOD GREEN,Small,$67.98,7.0g,21.25%,1487.50mg,0.046/mg
Sunnyside - New Kensington,18833,Golden Goat  ,Sativa,GOOD GREEN,Small,$67.98,7.0g,24.19%,1693.30mg,0.040/mg
Sunnyside - New Kensington,18833,Lemon Meringue  ,Sativa,GOOD GREEN,Small,$67.98,7.0g,16.93%,1185.10mg,0.057/mg
Sunnyside - New Kensington,18833,MTF #2 ,Sativa,KYND,Flower,$50.02,3.5g,24.40%,854.00mg,0.059/mg
Sunnyside - New Kensington,18833,Classic Red Sangria ,Sativa,LOST IN TRANSLATION,Flower,$50.02,3.5g,18.07%,632.45mg,0.079/mg
Sunnyside - New Kensington,18833,Classic Red Sangria  ,Sativa,LOST IN TRANSLATION,Small,$64.01,7.0g,21.54%,1507.80mg,0.042/mg
Sunnyside - New Kensington,18833,Casey Jones ,Sativa,MOXIE,Flower,$54.98,3.5g,20.16%,705.60mg,0.078/mg
Sunnyside - New Kensington,18833,Alaskan Thunder ,Sativa,ORGANIC REMEDIES,Flower,$30.00,3.5g,26.50%,927.50mg,0.032/mg
Sunnyside - New Kensington,18833,Cherry AK  7g,Sativa,ORGANIC REMEDIES,Flower,$60.00,7.0g,24.86%,1740.20mg,0.034/mg
Sunnyside - New Kensington,18833,Sour Tangie Pre -  ,Sativa,ORGANIC REMEDIES,Ground Flower,$31.98,7.0g,17.55%,1228.50mg,0.026/mg
Sunnyside - New Kensington,18833,Stardawg ,Sativa,ORGANIC REMEDIES,Flower,$30.00,3.5g,23.98%,839.30mg,0.036/mg
Sunnyside - New Kensington,18833,Jack Herer ,Sativa,RYTHM,Flower,$54.98,3.5g,19.64%,687.40mg,0.080/mg
Sunnyside - New Kensington,18833,Sour Diesel ,Sativa,RYTHM,Flower,$59.99,3.5g,21.35%,747.25mg,0.080/mg
Sunnyside - New Kensington,18833,Mother's st  ,Sativa,SECHE,Flower,$43.96,7.0g,18.75%,1312.50mg,0.033/mg
Sunnyside - New Kensington,18833,Strawberry Amnesia  Grind ,Sativa,SECHE,Fine Grind Flower,$31.98,7.0g,16.69%,1168.30mg,0.027/mg
Sunnyside - New Kensington,18833,Sour Tangie ,Sativa,TERRAPIN,Flower,$31.99,3.5g,20.64%,722.40mg,0.044/mg
Sunnyside - New Kensington,18833,Thai 99 Shake,Sativa,TERRAPIN,Flower,$36.01,7.0g,16.78%,1174.60mg,0.031/mg
Sunnyside - New Kensington,18833,Cannalope Kush ,Sativa,THE BANK,Flower,$35.00,3.5g,18.55%,649.25mg,0.054/mg
Sunnyside - New Kensington,18833,Strawberry Amnesia ,Sativa,THE BANK,Flower,$39.97,3.5g,21.05%,736.75mg,0.054/mg
Sunnyside - New Kensington,18833,Tangilope ,Sativa,THE BANK,Flower,$35.00,3.5g,19.56%,684.60mg,0.051/mg
Sunnyside - New Kensington,18833,Dynamite Cookies ,Sativa,TYSON 2.0,Flower,$58.00,3.5g,26.70%,934.50mg,0.062/mg
Sunnyside - New Kensington,18833,Thai 99 ,Sativa,WOODS RESERVE,Flower,$45.01,3.5g,20.76%,726.60mg,0.062/mg
Sunnyside - Lancaster,17601,Director's Cut ,Hybrid,CRESCO,Flower,$45.01,3.5g,24.55%,859.25mg,0.052/mg
Sunnyside - Lancaster,17601,Gelato #33 I95 ,Hybrid,CRESCO,Flower,$30.00,3.5g,22.80%,798.00mg,0.038/mg
Sunnyside - Lancaster,17601,Kosher Tangie ,Hybrid,CRESCO,Flower,$45.01,3.5g,22.16%,775.60mg,0.058/mg
Sunnyside - Lancaster,17601,Purple Passion ,Hybrid,CRESCO,Flower,$45.01,3.5g,22.46%,786.10mg,0.057/mg
Sunnyside - Lancaster,17601,Rocket Fuel ,Hybrid,CRESCO,Flower,$45.01,3.5g,22.52%,788.20mg,0.057/mg
Sunnyside - Lancaster,17601,Strawberry Cherry Gelato ,Hybrid,CRESCO,Flower,$45.01,3.5g,25.51%,892.85mg,0.050/mg
Sunnyside - Lancaster,17601,The Menage ,Hybrid,CRESCO,Flower,$45.01,3.5g,23.74%,830.90mg,0.054/mg
Sunnyside - Lancaster,17601,Gelato #33 I95  ,Hybrid,SUPPLY,Ground Flower,$31.98,7.0g,15.95%,1116.50mg,0.029/mg
Sunnyside - Lancaster,17601,Gelato #33 I95  ,Hybrid,SUPPLY,Small,$63.95,7.0g,18.56%,1299.20mg,0.049/mg
Sunnyside - Lancaster,17601,Hazen Haze  ,Hybrid,SUPPLY,Small,$63.95,7.0g,21.39%,1497.30mg,0.043/mg
Sunnyside - Lancaster,17601,Kosher Tangie  ,Hybrid,SUPPLY,Small,$63.95,7.0g,22.56%,1579.20mg,0.040/mg
Sunnyside - Lancaster,17601,Rocket Fuel  ,Hybrid,SUPPLY,Ground Flower,$31.98,7.0g,12.96%,907.20mg,0.035/mg
Sunnyside - Lancaster,17601,The Menage  ,Hybrid,SUPPLY,Ground Flower,$31.98,7.0g,14.42%,1009.40mg,0.032/mg
Sunnyside - Lancaster,17601,The Menage  ,Hybrid,SUPPLY,Small,$63.95,7.0g,22.04%,1542.80mg,0.041/mg
Sunnyside - Lancaster,17601,Sour Plums ,Hybrid,AGRI-KIND,Flower,$35.00,3.5g,17.58%,615.30mg,0.057/mg
Sunnyside - Lancaster,17601,Yellow Brick Road ,Hybrid,AVENUE,Flower,$44.98,3.5g,23.54%,823.90mg,0.055/mg
Sunnyside - Lancaster,17601,Tahoe OG ,Hybrid,CALYPSO,Flower,$63.95,7.0g,20.30%,1421.00mg,0.045/mg
Sunnyside - Lancaster,17601,Tahoe OG ,Hybrid,CALYPSO,Flower,$44.98,3.5g,20.03%,701.05mg,0.064/mg
Sunnyside - Lancaster,17601,Sunny Diesel ,Hybrid,CLASSIX,Flower,$40.00,3.5g,22.03%,771.05mg,0.052/mg
Sunnyside - Lancaster,17601,Grapes 'n Cream ,Hybrid,CULTIVAR COLLECTION,Flower,$59.99,3.5g,24.90%,871.50mg,0.069/mg
Sunnyside - Lancaster,17601,Strawberry Star ,Hybrid,CULTIVAR COLLECTION,Flower,$59.99,3.5g,25.14%,879.90mg,0.068/mg
Sunnyside - Lancaster,17601,Drops of Jupiter ,Hybrid,CURALEAF,Flower,$47.98,3.5g,22.96%,803.60mg,0.060/mg
Sunnyside - Lancaster,17601,Sweat Helmet ,Hybrid,CURALEAF,Flower,$47.98,3.5g,19.20%,672.00mg,0.071/mg
Sunnyside - Lancaster,17601,Gluelato Float ,Hybrid,FLOAT,Flower,$49.98,3.5g,24.12%,844.20mg,0.059/mg
Sunnyside - Lancaster,17601,Hybrid Blend  ,Hybrid,FLOAT,Ground Flower,$24.99,3.5g,22.82%,798.70mg,0.031/mg
Sunnyside - Lancaster,17601,Honey Mini ,Hybrid,FRX,Flower,$49.98,3.5g,16.46%,576.10mg,0.087/mg
Sunnyside - Lancaster,17601,Runtz ,Hybrid,FRX,Flower,$54.98,3.5g,18.71%,654.85mg,0.084/mg
Sunnyside - Lancaster,17601,Tahoe OG Mini ,Hybrid,FRX,Flower,$49.98,3.5g,25.52%,893.20mg,0.056/mg
Sunnyside - Lancaster,17601,Bubble Bath ,Hybrid,GLEAF,Flower,$35.00,3.5g,19.88%,695.80mg,0.050/mg
Sunnyside - Lancaster,17601,Gush Mints ,Hybrid,GLEAF,Flower,$49.98,3.5g,27.05%,946.75mg,0.053/mg
Sunnyside - Lancaster,17601,Burnt Toast #4  ,Hybrid,GOOD GREEN,Small,$67.98,7.0g,24.03%,1682.10mg,0.040/mg
Sunnyside - Lancaster,17601,Cool Grapes #65 ,Hybrid,GRASSROOTS,Flower,$47.98,3.5g,20.11%,703.85mg,0.068/mg
Sunnyside - Lancaster,17601,Cool Grapes #66 Premium ,Hybrid,GRASSROOTS,Flower,$67.98,7.0g,20.07%,1404.90mg,0.048/mg
Sunnyside - Lancaster,17601,Gelato #41 x Dosido ,Hybrid,GRASSROOTS,Flower,$47.98,3.5g,21.50%,752.50mg,0.064/mg
Sunnyside - Lancaster,17601,Lemon Grenades ,Hybrid,GRASSROOTS,Flower,$47.98,3.5g,21.85%,764.75mg,0.063/mg
Sunnyside - Lancaster,17601,Memory Loss #22 ,Hybrid,GRASSROOTS,Flower,$47.98,3.5g,18.98%,664.30mg,0.072/mg
Sunnyside - Lancaster,17601,Tahiti Lime ,Hybrid,GRASSROOTS,Flower,$47.98,3.5g,12.77%,446.95mg,0.107/mg
Sunnyside - Lancaster,17601,Tahiti Lime Premium ,Hybrid,GRASSROOTS,Flower,$67.98,7.0g,19.05%,1333.50mg,0.051/mg
Sunnyside - Lancaster,17601,Tahiti Lime  ,Hybrid,GRASSROOTS,Small,$59.98,7.0g,18.64%,1304.80mg,0.046/mg
Sunnyside - Lancaster,17601,Yuck Mouth ,Hybrid,GRASSROOTS,Flower,$47.98,3.5g,22.84%,799.40mg,0.060/mg
Sunnyside - Lancaster,17601,Apple Frit ,Hybrid,INSA,Flower,$39.97,3.5g,21.18%,741.30mg,0.054/mg
Sunnyside - Lancaster,17601,Dough Lato ,Hybrid,INSA,Flower,$39.97,3.5g,20.83%,729.05mg,0.055/mg
Sunnyside - Lancaster,17601,Gelato 41 x Bwizz ,Hybrid,INSA,Flower,$39.97,3.5g,20.69%,724.15mg,0.055/mg
Sunnyside - Lancaster,17601,Hero x PCK  ,Hybrid,KIND TREE,Small,$51.97,7.0g,12.80%,896.00mg,0.058/mg
Sunnyside - Lancaster,17601,OKC  ,Hybrid,KIND TREE,Small,$51.97,7.0g,12.28%,859.60mg,0.060/mg
Sunnyside - Lancaster,17601,Mr. Nasty ,Hybrid,KYND,Flower,$50.02,3.5g,24.74%,865.90mg,0.058/mg
Sunnyside - Lancaster,17601,Tangarang ,Hybrid,KYND,Flower,$49.98,3.5g,25.54%,893.90mg,0.056/mg
Sunnyside - Lancaster,17601,Bubble Bath #16 ,Hybrid,LOST IN TRANSLATION,Flower,$50.02,3.5g,20.75%,726.25mg,0.069/mg
Sunnyside - Lancaster,17601,Bubblegum ,Hybrid,MODERN FLOWER,Flower,$44.98,3.5g,22.89%,801.15mg,0.056/mg
Sunnyside - Lancaster,17601,Honey Badger Haze ,Hybrid,MODERN FLOWER,Flower,$44.98,3.5g,20.23%,708.05mg,0.064/mg
Sunnyside - Lancaster,17601,Cold as Ice ,Sativa,CRESCO,Flower,$45.01,3.5g,26.49%,927.15mg,0.049/mg
Sunnyside - Lancaster,17601,Glazed Enigma ,Sativa,CRESCO,Flower,$30.00,3.5g,20.41%,714.35mg,0.042/mg
Sunnyside - Lancaster,17601,Jimi's Punch ,Sativa,CRESCO,Flower,$45.01,3.5g,25.23%,883.05mg,0.051/mg
Sunnyside - Lancaster,17601,MacDaddy ,Sativa,CRESCO,Flower,$45.01,3.5g,27.66%,968.10mg,0.046/mg
Sunnyside - Lancaster,17601,Oregon Silver Haze ,Sativa,CRESCO,Flower,$45.01,3.5g,23.52%,823.20mg,0.055/mg
Sunnyside - Lancaster,17601,Outer Space ,Sativa,CRESCO,Flower,$45.01,3.5g,22.12%,774.20mg,0.058/mg
Sunnyside - Lancaster,17601,Spiked Mai Tai ,Sativa,CRESCO,Flower,$45.01,3.5g,26.75%,936.25mg,0.048/mg
Sunnyside - Lancaster,17601,Citrus Daydream  ,Sativa,SUPPLY,Small,$63.95,7.0g,23.29%,1630.30mg,0.039/mg
Sunnyside - Lancaster,17601,Cold as Ice  ,Sativa,SUPPLY,Small,$63.95,7.0g,24.52%,1716.40mg,0.037/mg
Sunnyside - Lancaster,17601,Durban  ,Sativa,SUPPLY,Small,$63.95,7.0g,19.37%,1355.90mg,0.047/mg
Sunnyside - Lancaster,17601,Glazed Enigma  ,Sativa,SUPPLY,Ground Flower,$31.98,7.0g,12.87%,900.90mg,0.035/mg
Sunnyside - Lancaster,17601,Oregon Silver Haze  ,Sativa,SUPPLY,Small,$63.95,7.0g,23.91%,1673.70mg,0.038/mg
Sunnyside - Lancaster,17601,Spiked Mai Tai  ,Sativa,SUPPLY,Small,$63.95,7.0g,23.13%,1619.10mg,0.039/mg
Sunnyside - Lancaster,17601,Peach Hashplant ,Sativa,FRX,Flower,$54.98,3.5g,21.56%,754.60mg,0.073/mg
Sunnyside - Lancaster,17601,Durban #5  ,Sativa,GOOD GREEN,Small,$67.98,7.0g,21.25%,1487.50mg,0.046/mg
Sunnyside - Lancaster,17601,Lemon Meringue  ,Sativa,GOOD GREEN,Small,$67.98,7.0g,16.93%,1185.10mg,0.057/mg
Sunnyside - Lancaster,17601,MTF #2 ,Sativa,KYND,Flower,$49.98,3.5g,24.40%,854.00mg,0.059/mg
Sunnyside - Lancaster,17601,Classic Red Sangria ,Sativa,LOST IN TRANSLATION,Flower,$49.98,3.5g,18.07%,632.45mg,0.079/mg
Sunnyside - Lancaster,17601,Classic Red Sangria  ,Sativa,LOST IN TRANSLATION,Small,$63.95,7.0g,21.54%,1507.80mg,0.042/mg
Sunnyside - Lancaster,17601,Casey Jones ,Sativa,MOXIE,Flower,$54.98,3.5g,20.16%,705.60mg,0.078/mg
Sunnyside - Lancaster,17601,Super Silver Haze ,Sativa,OLD PAL,Flower,$47.99,7.0g,21.35%,1494.50mg,0.032/mg
Sunnyside - Lancaster,17601,Sour Tangie Pre -  ,Sativa,ORGANIC REMEDIES,Ground Flower,$31.98,7.0g,17.55%,1228.50mg,0.026/mg
Sunnyside - Lancaster,17601,Stardawg ,Sativa,ORGANIC REMEDIES,Flower,$30.00,3.5g,23.98%,839.30mg,0.036/mg
Sunnyside - Lancaster,17601,Jack Herer ,Sativa,RYTHM,Flower,$54.98,3.5g,19.64%,687.40mg,0.080/mg
Sunnyside - Lancaster,17601,L'Orange ,Sativa,RYTHM,Flower,$54.98,3.5g,23.58%,825.30mg,0.067/mg
Sunnyside - Lancaster,17601,Sour Diesel ,Sativa,RYTHM,Flower,$54.98,3.5g,21.35%,747.25mg,0.074/mg
Sunnyside - Lancaster,17601,Mother's st  ,Sativa,SECHE,Flower,$43.96,7.0g,18.75%,1312.50mg,0.033/mg
Sunnyside - Lancaster,17601,White Durban & Shine   ,Sativa,& SHINE,Lightly Ground Trim,$39.98,7.0g,19.99%,1399.30mg,0.029/mg
Sunnyside - Lancaster,17601,Strawberry Amnesia ,Sativa,THE BANK,Flower,$39.97,3.5g,21.05%,736.75mg,0.054/mg
Sunnyside - Lancaster,17601,Tangilope ,Sativa,THE BANK,Flower,$35.00,3.5g,19.56%,684.60mg,0.051/mg
Sunnyside - Lancaster,17601,Silver Back Skunk ,Sativa,TRUFLOWER,Flower,$35.00,3.5g,20.50%,717.50mg,0.049/mg
Sunnyside - Lancaster,17601,Blue Haze ,Sativa,VERANO ESSENCE,Flower,$49.98,3.5g,24.69%,864.15mg,0.058/mg
Sunnyside - Lancaster,17601,Thai 99 ,Sativa,WOODS RESERVE,Flower,$44.98,3.5g,20.64%,722.40mg,0.062/mg
Sunnyside - Ambler,19002,Banana Macaroon ,Hybrid,CRESCO,Flower,$45.01,3.5g,23.62%,826.70mg,0.054/mg
Sunnyside - Ambler,19002,Director's Cut ,Hybrid,CRESCO,Flower,$45.01,3.5g,24.55%,859.25mg,0.052/mg
Sunnyside - Ambler,19002,Keystone Banana ,Hybrid,CRESCO,Flower,$45.01,3.5g,27.02%,945.70mg,0.048/mg
Sunnyside - Ambler,19002,Kosher Tangie ,Hybrid,CRESCO,Flower,$45.01,3.5g,23.27%,814.45mg,0.055/mg
Sunnyside - Ambler,19002,Purple Passion ,Hybrid,CRESCO,Flower,$45.01,3.5g,22.38%,783.30mg,0.057/mg
Sunnyside - Ambler,19002,The Menage ,Hybrid,CRESCO,Flower,$45.01,3.5g,22.98%,804.30mg,0.056/mg
Sunnyside - Ambler,19002,Director's Cut  ,Hybrid,SUPPLY,Small,$64.01,7.0g,20.35%,1424.50mg,0.045/mg
Sunnyside - Ambler,19002,Gelato #33 I95  ,Hybrid,SUPPLY,Ground Flower,$31.98,7.0g,15.77%,1103.90mg,0.029/mg
Sunnyside - Ambler,19002,Gelato #33 I95  ,Hybrid,SUPPLY,Small,$64.01,7.0g,19.86%,1390.20mg,0.046/mg
Sunnyside - Ambler,19002,Hazen Haze  ,Hybrid,SUPPLY,Ground Flower,$31.98,7.0g,13.99%,979.30mg,0.033/mg
Sunnyside - Ambler,19002,Hazen Haze  ,Hybrid,SUPPLY,Small,$64.01,7.0g,23.94%,1675.80mg,0.038/mg
Sunnyside - Ambler,19002,Kosher Tangie  ,Hybrid,SUPPLY,Ground Flower,$31.98,7.0g,13.66%,956.20mg,0.033/mg
Sunnyside - Ambler,19002,Kosher Tangie  ,Hybrid,SUPPLY,Small,$64.01,7.0g,17.58%,1230.60mg,0.052/mg
Sunnyside - Ambler,19002,Purple Passion  ,Hybrid,SUPPLY,Small,$64.01,7.0g,22.28%,1559.60mg,0.041/mg
Sunnyside - Ambler,19002,Rocket Fuel  ,Hybrid,SUPPLY,Ground Flower,$31.98,7.0g,15.29%,1070.30mg,0.030/mg
Sunnyside - Ambler,19002,Rocket Fuel  ,Hybrid,SUPPLY,Small,$64.01,7.0g,22.74%,1591.80mg,0.040/mg
Sunnyside - Ambler,19002,Strawberry Cherry Gelato  ,Hybrid,SUPPLY,Ground Flower,$31.98,7.0g,12.17%,851.90mg,0.038/mg
Sunnyside - Ambler,19002,Amnesia  ,Hybrid,AGRI-KIND,Smalls,$47.99,7.0g,16.65%,1165.50mg,0.041/mg
Sunnyside - Ambler,19002,Blood Orange  ,Hybrid,AGRI-KIND,Smalls,$47.99,7.0g,12.60%,882.00mg,0.054/mg
Sunnyside - Ambler,19002,Norton x TW  ,Hybrid,AGRI-KIND,Smalls,$56.00,7.0g,22.13%,1549.10mg,0.036/mg
Sunnyside - Ambler,19002,Pretty Wicked ,Hybrid,AGRI-KIND,Flower,$44.98,3.5g,21.37%,747.95mg,0.060/mg
Sunnyside - Ambler,19002,Serious Happiness ,Hybrid,AGRI-KIND,Flower,$35.00,3.5g,16.96%,593.60mg,0.059/mg
Sunnyside - Ambler,19002,Yellow Brick Road ,Hybrid,AVENUE,Flower,$44.98,3.5g,22.40%,784.00mg,0.057/mg
Sunnyside - Ambler,19002,Sunny Diesel ,Hybrid,CLASSIX,Flower,$40.00,3.5g,22.03%,771.05mg,0.052/mg
Sunnyside - Ambler,19002,Sunny Diesel ,Hybrid,CLASSIX,Flower,$56.00,7.0g,21.32%,1492.40mg,0.038/mg
Sunnyside - Ambler,19002,Wharf Rat ,Hybrid,CLASSIX,Flower,$40.00,3.5g,24.51%,857.85mg,0.047/mg
Sunnyside - Ambler,19002,Grapes 'n Cream ,Hybrid,CULTIVAR COLLECTION,Flower,$59.99,3.5g,26.84%,939.40mg,0.064/mg
Sunnyside - Ambler,19002,Apple Fritter ,Hybrid,CURALEAF,Flower,$47.98,3.5g,22.60%,791.00mg,0.061/mg
Sunnyside - Ambler,19002,Drops of Jupiter ,Hybrid,CURALEAF,Flower,$57.57,7.0g,26.31%,1841.70mg,0.031/mg
Sunnyside - Ambler,19002,Drops of Jupiter ,Hybrid,CURALEAF,Flower,$47.98,3.5g,22.96%,803.60mg,0.060/mg
Sunnyside - Ambler,19002,Sweat Helmet ,Hybrid,CURALEAF,Flower,$47.98,3.5g,19.20%,672.00mg,0.071/mg
Sunnyside - Ambler,19002,Gluelato Float ,Hybrid,FLOAT,Flower,$50.02,3.5g,25.09%,878.15mg,0.057/mg
Sunnyside - Ambler,19002,Grape Essence Little Buds ,Hybrid,FLOAT,Flower,$45.01,3.5g,27.21%,952.35mg,0.047/mg
Sunnyside - Ambler,19002,Cluster Funk Mini ,Hybrid,FRX,Flower,$30.00,3.5g,22.78%,797.30mg,0.038/mg
Sunnyside - Ambler,19002,Runtz ,Hybrid,FRX,Flower,$54.98,3.5g,18.71%,654.85mg,0.084/mg
Sunnyside - Ambler,19002,"8"" Bagel ",Hybrid,GLEAF,Flower,$49.98,3.5g,29.48%,1031.80mg,0.048/mg
Sunnyside - Ambler,19002,Cherry Diesel  Bud,Hybrid,GLEAF,Small,$56.00,7.0g,21.35%,1494.50mg,0.037/mg
Sunnyside - Ambler,19002,Deadhead OG ,Hybrid,GLEAF,Flower,$35.00,3.5g,20.55%,719.25mg,0.049/mg
Sunnyside - Ambler,19002,Garlic Storm  Bud,Hybrid,GLEAF,Small,$15.00,1.0g,23.72%,237.20mg,0.063/mg
Sunnyside - Ambler,19002,Morning Dew  Bud,Hybrid,GLEAF,Small,$15.00,1.0g,23.10%,231.00mg,0.065/mg
Sunnyside - Ambler,19002,Apple Cobbler  ,Hybrid,GOOD GREEN,Small,$67.98,7.0g,22.58%,1580.60mg,0.043/mg
Sunnyside - Ambler,19002,Burnt Toast #4  ,Hybrid,GOOD GREEN,Small,$67.98,7.0g,23.32%,1632.40mg,0.042/mg
Sunnyside - Ambler,19002,Gelato #33  ,Hybrid,GOOD GREEN,Small,$67.98,7.0g,22.61%,1582.70mg,0.043/mg
Sunnyside - Ambler,19002,Chem De La Chem ,Hybrid,GRASSROOTS,Flower,$47.98,3.5g,20.98%,734.30mg,0.065/mg
Sunnyside - Ambler,19002,Cool Grapes #66 ,Hybrid,GRASSROOTS,Flower,$67.98,7.0g,20.07%,1404.90mg,0.048/mg
Sunnyside - Ambler,19002,Gelato #41 x Dosido ,Hybrid,GRASSROOTS,Flower,$15.00,1.0g,21.50%,215.00mg,0.070/mg
Sunnyside - Ambler,19002,Ghost Rider ,Hybrid,GRASSROOTS,Flower,$15.00,1.0g,20.63%,206.30mg,0.073/mg
Sunnyside - Ambler,19002,Ghost Rider ,Hybrid,GRASSROOTS,Flower,$63.95,7.0g,20.81%,1456.70mg,0.044/mg
Sunnyside - Ambler,19002,Ghost Rider ,Hybrid,GRASSROOTS,Flower,$47.98,3.5g,20.81%,728.35mg,0.066/mg
Sunnyside - Ambler,19002,Lemon Grenades ,Hybrid,GRASSROOTS,Flower,$47.98,3.5g,21.18%,741.30mg,0.065/mg
Sunnyside - Philadelphia - Chestnut St,17301,Chemex ,Sativa,CRESCO,Flower,$45.01,3.5g,26.27%,919.45mg,0.049/mg
Sunnyside - Philadelphia - Chestnut St,17301,Citrus Daydream ,Sativa,CRESCO,Flower,$30.00,3.5g,22.97%,803.95mg,0.037/mg
Sunnyside - Philadelphia - Chestnut St,17301,Cold as Ice ,Sativa,CRESCO,Flower,$45.01,3.5g,25.76%,901.60mg,0.050/mg
Sunnyside - Philadelphia - Chestnut St,17301,Glazed Enigma ,Sativa,CRESCO,Flower,$30.00,3.5g,20.41%,714.35mg,0.042/mg
Sunnyside - Philadelphia - Chestnut St,17301,Jimi's Punch ,Sativa,CRESCO,Flower,$45.01,3.5g,27.80%,973.00mg,0.046/mg
Sunnyside - Philadelphia - Chestnut St,17301,MacDaddy ,Sativa,CRESCO,Flower,$45.01,3.5g,30.19%,1056.65mg,0.043/mg
Sunnyside - Philadelphia - Chestnut St,17301,Oregon Silver Haze ,Sativa,CRESCO,Flower,$45.01,3.5g,23.52%,823.20mg,0.055/mg
Sunnyside - Philadelphia - Chestnut St,17301,Outer Space ,Sativa,CRESCO,Flower,$45.01,3.5g,22.20%,777.00mg,0.058/mg
Sunnyside - Philadelphia - Chestnut St,17301,Spiked Mai Tai ,Sativa,CRESCO,Flower,$45.01,3.5g,26.51%,927.85mg,0.049/mg
Sunnyside - Philadelphia - Chestnut St,17301,Chemex  ,Sativa,SUPPLY,Small,$64.01,7.0g,27.24%,1906.80mg,0.034/mg
Sunnyside - Philadelphia - Chestnut St,17301,Citrus Daydream  ,Sativa,SUPPLY,Ground Flower,$31.98,7.0g,14.55%,1018.50mg,0.031/mg
Sunnyside - Philadelphia - Chestnut St,17301,Citrus Daydream  ,Sativa,SUPPLY,Small,$64.01,7.0g,25.49%,1784.30mg,0.036/mg
Sunnyside - Philadelphia - Chestnut St,17301,Cold as Ice  ,Sativa,SUPPLY,Ground Flower,$31.98,7.0g,14.70%,1029.00mg,0.031/mg
Sunnyside - Philadelphia - Chestnut St,17301,Cold as Ice  ,Sativa,SUPPLY,Small,$64.01,7.0g,25.90%,1813.00mg,0.035/mg
Sunnyside - Philadelphia - Chestnut St,17301,Durban  ,Sativa,SUPPLY,Small,$64.01,7.0g,19.37%,1355.90mg,0.047/mg
Sunnyside - Philadelphia - Chestnut St,17301,Glazed Enigma  ,Sativa,SUPPLY,Ground Flower,$31.98,7.0g,13.07%,914.90mg,0.035/mg
Sunnyside - Philadelphia - Chestnut St,17301,Jimi's Punch  ,Sativa,SUPPLY,Small,$64.01,7.0g,22.72%,1590.40mg,0.040/mg
Sunnyside - Philadelphia - Chestnut St,17301,Oregon Silver Haze  ,Sativa,SUPPLY,Ground Flower,$31.98,7.0g,20.56%,1439.20mg,0.022/mg
Sunnyside - Philadelphia - Chestnut St,17301,Oregon Silver Haze  ,Sativa,SUPPLY,Small,$64.01,7.0g,23.91%,1673.70mg,0.038/mg
Sunnyside - Philadelphia - Chestnut St,17301,Outer Space  ,Sativa,SUPPLY,Ground Flower,$31.98,7.0g,13.15%,920.50mg,0.035/mg
Sunnyside - Philadelphia - Chestnut St,17301,Outer Space  ,Sativa,SUPPLY,Small,$64.01,7.0g,21.14%,1479.80mg,0.043/mg
Sunnyside - Philadelphia - Chestnut St,17301,Spiked Mai Tai  ,Sativa,SUPPLY,Ground Flower,$31.98,7.0g,19.74%,1381.80mg,0.023/mg
Sunnyside - Philadelphia - Chestnut St,17301,Spiked Mai Tai  ,Sativa,SUPPLY,Small,$64.01,7.0g,24.98%,1748.60mg,0.037/mg
Sunnyside - Philadelphia - Chestnut St,17301,Brandywine ,Sativa,AGRI-KIND,Flower,$44.98,3.5g,21.31%,745.85mg,0.060/mg
Sunnyside - Philadelphia - Chestnut St,17301,Strawberry Kush  ,Sativa,AGRI-KIND,Smalls,$47.99,7.0g,13.27%,928.90mg,0.052/mg
Sunnyside - Philadelphia - Chestnut St,17301,Sweet Cheese  ,Sativa,AGRI-KIND,Smalls,$47.99,7.0g,16.30%,1141.00mg,0.042/mg
Sunnyside - Philadelphia - Chestnut St,17301,Shandy Kush ,Sativa,CLASSIX,Flower,$56.00,7.0g,24.32%,1702.40mg,0.033/mg
Sunnyside - Philadelphia - Chestnut St,17301,Trainwreck Float ,Sativa,FLOAT,Flower,$50.02,3.5g,19.30%,675.50mg,0.074/mg
Sunnyside - Philadelphia - Chestnut St,17301,Peach Hashplant ,Sativa,FRX,Flower,$54.98,3.5g,21.56%,754.60mg,0.073/mg
Sunnyside - Philadelphia - Chestnut St,17301,Lucinda Williams ,Sativa,GLEAF,Flower,$40.00,3.5g,23.75%,831.25mg,0.048/mg
Sunnyside - Philadelphia - Chestnut St,17301,Jack Herer  ,Sativa,GOOD GREEN,Small,$67.98,7.0g,19.64%,1374.80mg,0.049/mg
Sunnyside - Philadelphia - Chestnut St,17301,Jet Fuel  ,Sativa,GOOD GREEN,Small,$67.98,7.0g,26.38%,1846.60mg,0.037/mg
Sunnyside - Philadelphia - Chestnut St,17301,L'Orange  ,Sativa,GOOD GREEN,Small,$67.98,7.0g,24.20%,1694.00mg,0.040/mg
Sunnyside - Philadelphia - Chestnut St,17301,Classic Red Sangria ,Sativa,LOST IN TRANSLATION,Flower,$50.02,3.5g,18.07%,632.45mg,0.079/mg
Sunnyside - Philadelphia - Chestnut St,17301,Apple Pie ,Sativa,MODERN FLOWER,Flower,$64.01,7.0g,16.97%,1187.90mg,0.054/mg
Sunnyside - Philadelphia - Chestnut St,17301,Apple Pie ,Sativa,MODERN FLOWER,Flower,$45.01,3.5g,14.71%,514.85mg,0.087/mg
Sunnyside - Philadelphia - Chestnut St,17301,Blue Beach Haze ,Sativa,MODERN FLOWER,Flower,$45.01,3.5g,23.51%,822.85mg,0.055/mg
Sunnyside - Philadelphia - Chestnut St,17301,Honey Badger Haze ,Sativa,MODERN FLOWER,Flower,$64.01,7.0g,18.09%,1266.30mg,0.051/mg
Sunnyside - Philadelphia - Chestnut St,17301,Honey Badger Haze ,Sativa,MODERN FLOWER,Flower,$45.01,3.5g,21.30%,745.50mg,0.060/mg
Sunnyside - Philadelphia - Chestnut St,17301,Choco Loco ,Sativa,PHG,Flower,$25.00,3.5g,15.30%,535.50mg,0.047/mg
Sunnyside - Philadelphia - Chestnut St,17301,Scarlet Fire #7 ,Sativa,PRIME,Flower,$35.01,3.5g,26.77%,936.95mg,0.037/mg
Sunnyside - Philadelphia - Chestnut St,17301,Jack Herer ,Sativa,RYTHM,Flower,$54.98,3.5g,19.64%,687.40mg,0.080/mg
Sunnyside - Philadelphia - Chestnut St,17301,Mother's st  ,Sativa,SECHE,Flower,$43.96,7.0g,20.60%,1442.00mg,0.030/mg
Sunnyside - Philadelphia - Chestnut St,17301,Citrus Kiss ,Sativa,TERRAPIN,Flower,$37.00,3.5g,17.91%,626.85mg,0.059/mg
Sunnyside - Philadelphia - Chestnut St,17301,Lemon Sweet Skunk ,Sativa,TERRAPIN,Flower,$31.99,3.5g,17.92%,627.20mg,0.051/mg
Sunnyside - Philadelphia - Chestnut St,17301,Moonshine Haze ,Sativa,TERRAPIN,Flower,$37.00,3.5g,16.69%,584.15mg,0.063/mg
Sunnyside - Philadelphia - Chestnut St,17301,Sour Tangie ,Sativa,TERRAPIN,Flower,$31.99,3.5g,18.57%,649.95mg,0.049/mg
Sunnyside - Philadelphia - Chestnut St,17301,Tangie ,Sativa,TERRAPIN,Flower,$31.99,3.5g,13.90%,486.50mg,0.066/mg
Sunnyside - Philadelphia - Chestnut St,17301,Bubblegum XL ,Sativa,THE BANK,Flower,$35.00,3.5g,17.33%,606.55mg,0.058/mg
Sunnyside - Philadelphia - Chestnut St,17301,Cannalope Kush ,Sativa,THE BANK,Flower,$35.00,3.5g,18.59%,650.65mg,0.054/mg
Sunnyside - Butler,16001,Banana Punch ,Indica,AVENUE,Flower,$44.98,3.5g,22.64%,792.40mg,0.057/mg
Sunnyside - Butler,16001,Banana OG ,Indica,CRESCO,Flower,$30.00,3.5g,21.62%,756.70mg,0.040/mg
Sunnyside - Butler,16001,Bio Jesus ,Indica,CRESCO,Flower,$30.00,3.5g,26.45%,925.75mg,0.032/mg
Sunnyside - Butler,16001,Golden Goose ,Indica,CRESCO,Flower,$45.01,3.5g,21.12%,739.20mg,0.061/mg
Sunnyside - Butler,16001,Lime Bars ,Indica,CRESCO,Flower,$45.01,3.5g,22.59%,790.65mg,0.057/mg
Sunnyside - Butler,16001,OG 18 ,Indica,CRESCO,Flower,$45.01,3.5g,21.21%,742.35mg,0.061/mg
Sunnyside - Butler,16001,Petrol Pine ,Indica,CRESCO,Flower,$45.01,3.5g,26.37%,922.95mg,0.049/mg
Sunnyside - Butler,16001,Tina ,Indica,CRESCO,Flower,$45.01,3.5g,26.61%,931.35mg,0.048/mg
Sunnyside - Butler,16001,WC Watermelon Z ,Indica,CRESCO,Flower,$45.01,3.5g,25.02%,875.70mg,0.051/mg
Sunnyside - Butler,16001,White Hot Guava ,Indica,CURALEAF,Flower,$47.98,3.5g,27.30%,955.50mg,0.050/mg
Sunnyside - Butler,16001,Blueberry Muffin Float ,Indica,FLOAT,Flower,$49.98,3.5g,16.93%,592.55mg,0.084/mg
Sunnyside - Butler,16001,Alien Napalm ,Indica,FRX,Flower,$30.00,3.5g,13.69%,479.15mg,0.063/mg
Sunnyside - Butler,16001,Chem Brulee ,Indica,FRX,Flower,$54.98,3.5g,28.07%,982.45mg,0.056/mg
Sunnyside - Butler,16001,Pineapple Kush ,Indica,FRX,Flower,$54.98,3.5g,21.71%,759.85mg,0.072/mg
Sunnyside - Butler,16001,White Truffle ,Indica,FRX,Flower,$54.98,3.5g,23.52%,823.20mg,0.067/mg
Sunnyside - Butler,16001,4 Locoz ,Indica,INSA,Flower,$49.98,3.5g,21.44%,750.40mg,0.067/mg
Sunnyside - Butler,16001,Banana OG ,Indica,INSA,Flower,$63.95,7.0g,22.64%,1584.80mg,0.040/mg
Sunnyside - Butler,16001,Biscotti ,Indica,INSA,Flower,$33.98,3.5g,15.69%,549.15mg,0.062/mg
Sunnyside - Butler,16001,London PC ,Indica,INSA,Flower,$39.97,3.5g,17.86%,625.10mg,0.064/mg
Sunnyside - Butler,16001,Kush Cream #13 ,Indica,KYND,Flower,$50.02,3.5g,22.99%,804.65mg,0.062/mg
Sunnyside - Butler,16001,Watermelon Gelato #36 ,Indica,KYND,Flower,$50.02,3.5g,19.59%,685.65mg,0.073/mg
Sunnyside - Butler,16001,Kryptonite ,Indica,MOXIE,Flower,$54.98,3.5g,21.96%,768.60mg,0.072/mg
Sunnyside - Butler,16001,Grape C ,Indica,ORGANIC REMEDIES,Flower,$30.00,3.5g,25.53%,893.55mg,0.034/mg
Sunnyside - Butler,16001,Grease Bucket  7g,Indica,ORGANIC REMEDIES,Flower,$60.00,7.0g,18.30%,1281.00mg,0.047/mg
Sunnyside - Butler,16001,Marshmellow OG  7g,Indica,ORGANIC REMEDIES,Flower,$60.00,7.0g,24.87%,1740.90mg,0.034/mg
Sunnyside - Butler,16001,Purple Z  7g,Indica,ORGANIC REMEDIES,Flower,$60.00,7.0g,17.75%,1242.50mg,0.048/mg
Sunnyside - Butler,16001,Animal Mints #10 ,Indica,RYTHM,Flower,$54.98,3.5g,21.97%,768.95mg,0.072/mg
Sunnyside - Butler,16001,Banana Cream ,Indica,RYTHM,Flower,$54.98,3.5g,26.41%,924.35mg,0.059/mg
Sunnyside - Butler,16001,Remo Chemo  Grind ,Indica,SECHE,Fine Grind Flower,$31.98,7.0g,12.88%,901.60mg,0.035/mg
Sunnyside - Butler,16001,Critical Purple Kush  ,Indica,SUPPLY,Ground Flower,$31.98,7.0g,14.94%,1045.80mg,0.031/mg
Sunnyside - Butler,16001,Critical Purple Kush  ,Indica,SUPPLY,Small,$64.01,7.0g,17.99%,1259.30mg,0.051/mg
Sunnyside - Butler,16001,Golden Goose  ,Indica,SUPPLY,Small,$64.01,7.0g,18.61%,1302.70mg,0.049/mg
Sunnyside - Butler,16001,Lime Bars  ,Indica,SUPPLY,Small,$64.01,7.0g,22.41%,1568.70mg,0.041/mg
Sunnyside - Butler,16001,Mint Face Off  ,Indica,SUPPLY,Small,$64.01,7.0g,22.86%,1600.20mg,0.040/mg
Sunnyside - Butler,16001,OG 18  ,Indica,SUPPLY,Ground Flower,$31.98,7.0g,12.41%,868.70mg,0.037/mg
Sunnyside - Butler,16001,Petrol Pine  ,Indica,SUPPLY,Small,$64.01,7.0g,19.15%,1340.50mg,0.048/mg
Sunnyside - Butler,16001,Sugar Plum Sunset  ,Indica,SUPPLY,Ground Flower,$31.98,7.0g,13.74%,961.80mg,0.033/mg
Sunnyside - Butler,16001,Sugar Plum Sunset  ,Indica,SUPPLY,Small,$64.01,7.0g,22.91%,1603.70mg,0.040/mg
Sunnyside - Butler,16001,Tina  ,Indica,SUPPLY,Small,$64.01,7.0g,23.38%,1636.60mg,0.039/mg
Sunnyside - Butler,16001,Alien Beans ,Indica,TERRAPIN,Flower,$37.00,3.5g,23.69%,829.15mg,0.045/mg
Sunnyside - Butler,16001,Cherry Diesel ,Indica,TERRAPIN,Flower,$31.99,3.5g,25.22%,882.70mg,0.036/mg
Sunnyside - Butler,16001,Classic Blueberry ,Indica,THE BANK,Flower,$40.00,3.5g,21.47%,751.45mg,0.053/mg
Sunnyside - Butler,16001,Unknown Legend ,Indica,TRUFLOWER,Flower,$35.00,3.5g,21.65%,757.75mg,0.046/mg
Sunnyside - Butler,16001,Intergalactic Toad ,Indica,TYSON 2.0,Flower,$58.00,3.5g,23.06%,807.10mg,0.072/mg
Sunnyside - Butler,16001,Candy Rain ,Indica,VERANO ESSENCE,Flower,$72.02,7.0g,18.09%,1266.30mg,0.057/mg
Sunnyside - Butler,16001,Ice Cream Cake ,Indica,VERANO ESSENCE,Flower,$50.02,3.5g,20.57%,719.95mg,0.069/mg
Sunnyside - Butler,16001,Lilac Diesel ,Indica,WOODS RESERVE,Flower,$45.01,3.5g,22.06%,772.10mg,0.058/mg
